"Name","Calls","TotalDurationNs","AverageNs","Percentage"
"<barrier packet>",85112,142976988030,1679868,35.756070020490974
"void at::native::indexFuncLargeIndex<c10::BFloat16, long, unsigned int, 2, 2, -2, true, at::native::(anonymous namespace)::ReduceAdd>(at::cuda::detail::TensorInfo<c10::BFloat16, unsigned int>, at::cuda::detail::TensorInfo<c10::BFloat16, unsigned int>, at::cuda::detail::TensorInfo<long, unsigned int>, int, int, unsigned int, unsigned int, long, long, at::native::(anonymous namespace)::ReduceAdd const&, c10::BFloat16)",107520,51373453408,477803,12.847611511199622
"ncclDevKernel_Generic(ncclDevComm*, channelMasks, ncclWork*)",32272,18894498479,585476,4.725187038318562
"Cijk_Alik_Bljk_BBS_BH_MT64x64x64_MI16x16x16x1_SN_1LDSB0_APM1_ABV0_ACED0_AF0EM1_AF1EM1_AMAS3_ASE_ASGT_ASLT_ASM_ASAE01_ASCE01_ASEM1_AAC0_BL1_BS1_CLR0_DTLA0_DTLB0_DTVA0_DTVB0_DVO0_ETSP_EPS1_ELFLR0_EMLL0_FSSC10_FL0_GLVWA2_GLVWB8_GRCGA1_GRCGB1_GRPM1_GRVWn1_GSU1_GSUASB_GLS0_ISA942_IU1_K1_KLA_LBSPPA256_LBSPPB128_LPA16_LPB16_LDL1_LRVW8_LWPMn1_LDW0_FMA_MIAV0_MDA2_MO40_MMFSC_MKFGSU256_NTA0_NTB0_NTC0_NTD0_NEPBS0_NLCA1_NLCB1_ONLL1_OPLV0_PK0_PAP0_PGR2_PLR5_PKA0_SIA3_SLW1_SS1_SU64_SUM0_SUS128_SCIUI1_SPO0_SRVW0_SSO0_SVW2_SNLL0_TSGRA0_TSGRB0_TT2_32_TLDS1_UMLDSA1_UMLDSB1_USFGROn1_VAW1_VSn1_VW2_VWB1_VFLRP0_WSGRA1_WSGRB0_WS64_WG32_8_1_WGM8",61824,17321918599,280181,4.331912028984213
"Cijk_Alik_Bljk_BBS_BH_MT64x128x64_MI16x16x16x1_SN_1LDSB0_APM1_ABV0_ACED0_AF0EM1_AF1EM1_AMAS3_ASE_ASGT_ASLT_ASM_ASAE01_ASCE01_ASEM1_AAC0_BL1_BS1_CLR0_DTLA0_DTLB0_DTVA0_DTVB0_DVO0_ETSP_EPS1_ELFLR0_EMLL0_FSSC10_FL0_GLVWA8_GLVWB8_GRCGA1_GRCGB1_GRPM1_GRVWn1_GSU1_GSUASB_GLS0_ISA942_IU1_K1_KLA_LBSPPA256_LBSPPB256_LPA8_LPB8_LDL1_LRVW4_LWPMn1_LDW0_FMA_MIAV0_MDA2_MO40_MMFSC_MKFGSU256_NTA0_NTB0_NTC3_NTD3_NEPBS0_NLCA1_NLCB1_ONLL1_OPLV0_PK0_PAP0_PGR2_PLR1_PKA0_SIA3_SLW1_SS1_SU32_SUM0_SUS256_SCIUI1_SPO0_SRVW0_SSO0_SVW2_SNLL0_TSGRA0_TSGRB0_TT4_32_TLDS1_UMLDSA1_UMLDSB1_USFGROn1_VAW1_VSn1_VW2_VWB2_VFLRP0_WSGRA0_WSGRB1_WS64_WG16_16_1_WGM8",39424,16704662665,423718,4.177547003529651
"void at::native::legacy::elementwise_kernel<512, 1, void at::native::gpu_kernel_impl<at::native::direct_copy_kernel_cuda(at::TensorIteratorBase&)::'lambda0'()::operator()(",216192,11317204598,52347,2.8302369886082874
"Cijk_Alik_Bljk_BBS_BH_MT32x64x64_MI16x16x16x1_SN_1LDSB0_APM1_ABV0_ACED0_AF0EM1_AF1EM1_AMAS0_ASE_ASGT_ASLT_ASM_ASAE01_ASCE01_ASEM1_AAC0_BL1_BS1_CLR0_DTLA0_DTLB0_DTVA0_DTVB0_DVO0_ETSP_EPS1_ELFLR0_EMLL0_FSSC10_FL0_GLVWA4_GLVWB8_GRCGA1_GRCGB1_GRPM1_GRVWn1_GSU1_GSUASB_GLS0_ISA942_IU1_K1_KLA_LBSPPA128_LBSPPB256_LPA4_LPB8_LDL1_LRVW4_LWPMn1_LDW0_FMA_MIAV0_MDA2_MO40_MMFSC_MKFGSU256_NTA0_NTB0_NTC0_NTD0_NEPBS0_NLCA1_NLCB1_ONLL1_OPLV0_PK0_PAP0_PGR2_PLR1_PKA0_SIA3_SLW1_SS1_SU32_SUM0_SUS256_SCIUI1_SPO0_SRVW0_SSO0_SVW1_SNLL0_TSGRA0_TSGRB0_TT1_32_TLDS1_UMLDSA1_UMLDSB1_USFGROn1_VAW1_VSn1_VW1_VWB2_VFLRP0_WSGRA1_WSGRB1_WS64_WG32_8_1_WGM32",34944,10976775202,314124,2.7451014889161596
"void at::native::(anonymous namespace)::cunn_SoftMaxForward<8, c10::BFloat16, float, c10::BFloat16, at::native::(anonymous namespace)::SoftMaxForwardEpilogue>(c10::BFloat16*, c10::BFloat16 const*, int)",14784,10861759924,734696,2.7163381586050517
"Cijk_Alik_Bljk_BBS_BH_MT256x128x64_MI16x16x16x1_SN_1LDSB1_APM1_ABV0_ACED0_AF0EM1_AF1EM1_AMAS3_ASE_ASGT_ASLT_ASM_ASAE01_ASCE01_ASEM1_AAC0_BL1_BS1_CLR0_DTLA0_DTLB0_DTVA0_DTVB0_DVO0_ETSP_EPS1_ELFLR0_EMLL0_FSSC10_FL0_GLVWA8_GLVWB8_GRCGA1_GRCGB1_GRPM1_GRVW8_GSU1_GSUASB_GLS0_ISA942_IU1_K1_KLA_LBSPPA256_LBSPPB128_LPA16_LPB16_LDL1_LRVW8_LWPMn1_LDW0_FMA_MIAV0_MDA2_MO40_MMFSC_MKFGSU256_NTA0_NTB0_NTC0_NTD0_NEPBS0_NLCA1_NLCB1_ONLL1_OPLV0_PK0_PAP0_PGR2_PLR5_PKA0_SIA3_SLW1_SS1_SU0_SUM0_SUS0_SCIUI1_SPO0_SRVW0_SSO6_SVW2_SNLL0_TSGRA0_TSGRB0_TT4_128_TLDS1_UMLDSA1_UMLDSB1_USFGROn1_VAW1_VSn1_VW2_VWB1_VFLRP0_WSGRA0_WSGRB0_WS64_WG64_4_1_WGM12",13440,9606366334,714759,2.402385950450429
"Cijk_Alik_Bljk_BBS_BH_MT192x256x64_MI16x16x16x1_SN_1LDSB1_APM1_ABV0_ACED0_AF0EM1_AF1EM1_AMAS3_ASE_ASGT_ASLT_ASM_ASAE01_ASCE01_ASEM1_AAC0_BL1_BS1_CLR0_DTLA0_DTLB0_DTVA0_DTVB0_DVO0_ETSP_EPS1_ELFLR0_EMLL0_FSSC10_FL0_GLVWA2_GLVWB8_GRCGA1_GRCGB1_GRPM1_GRVWn1_GSU1_GSUASB_GLS0_ISA942_IU1_K1_KLA_LBSPPA256_LBSPPB128_LPA4_LPB8_LDL1_LRVW4_LWPMn1_LDW0_FMA_MIAV0_MDA2_MO40_MMFSC_MKFGSU256_NTA0_NTB0_NTC3_NTD3_NEPBS0_NLCA1_NLCB1_ONLL1_OPLV0_PK0_PAP0_PGR2_PLR5_PKA0_SIA3_SLW1_SS1_SU4_SUM0_SUS256_SCIUI1_SPO1_SRVW0_SSO0_SVW2_SNLL0_TSGRA0_TSGRB0_TT12_64_TLDS1_UMLDSA1_UMLDSB1_USFGROn1_VAW1_VSn1_VW2_VWB1_VFLRP0_WSGRA0_WSGRB0_WS64_WG16_16_1_WGM32",33152,9472106401,285717,2.3688098650157077
"void at::native::index_elementwise_kernel<128, 4, void at::native::gpu_index_kernel<void at::native::index_kernel_impl<at::native::OpaqueType<2>>(at::TensorIteratorBase&, c10::ArrayRef<long>, c10::ArrayRef<long>)::'lambda'(char*, char const*, long)>(at::TensorIteratorBase&, c10::ArrayRef<long>, c10::ArrayRef<long>, void at::native::index_kernel_impl<at::native::OpaqueType<2>>(at::TensorIteratorBase&, c10::ArrayRef<long>, c10::ArrayRef<long>)::'lambda'(char*, char const*, long",322560,9082659948,28158,2.2714160477688505
"void at::native::legacy::elementwise_kernel<128, 4, void at::native::gpu_kernel_impl<at::native::CUDAFunctor_add<c10::BFloat16>>(at::TensorIteratorBase&, at::native::CUDAFunctor_add<c10::BFloat16> const&)::'lambda2'(int)>(int, void at::native::gpu_kernel_impl<at::native::CUDAFunctor_add<c10::BFloat16>>(at::TensorIteratorBase&, at::native::CUDAFunctor_add<c10::BFloat16> const&)::'lambda2'(int))",37632,8878477919,235928,2.2203536563557793
"void at::native::legacy::elementwise_kernel<128, 4, void at::native::gpu_kernel_impl<at::native::BinaryFunctor<c10::BFloat16, c10::BFloat16, c10::BFloat16, at::native::binary_internal::MulFunctor<float>>>(at::TensorIteratorBase&, at::native::BinaryFunctor<c10::BFloat16, c10::BFloat16, c10::BFloat16, at::native::binary_internal::MulFunctor<float>> const&)::'lambda2'(int)>(int, void at::native::gpu_kernel_impl<at::native::BinaryFunctor<c10::BFloat16, c10::BFloat16, c10::BFloat16, at::native::binary_internal::MulFunctor<float>>>(at::TensorIteratorBase&, at::native::BinaryFunctor<c10::BFloat16, c10::BFloat16, c10::BFloat16, at::native::binary_internal::MulFunctor<float>> const&)::'lambda2'(int))",204576,7592102468,37111,1.8986534210077968
"Cijk_Alik_Bljk_BBS_BH_MT32x64x256_MI16x16x16x1_SN_1LDSB1_APM1_ABV0_ACED0_AF0EM8_AF1EM1_AMAS3_ASE_ASGT_ASLT1513_ASM_ASAE01_ASCE01_ASEM1_AAC0_BL1_BS1_CLR0_DTLA0_DTLB0_DTVA0_DTVB0_DVO0_ETB_EPS1_ELFLR0_EMLL0_FSSC10_FL0_GLVWA8_GLVWB8_GRCGA1_GRCGB1_GRPM1_GRVW8_GSU1_GSUASB_GLS0_ISA942_IU1_K1_KLA_LBSPPA1024_LBSPPB1024_LPA16_LPB16_LDL1_LRVW8_LWPMn1_LDW0_FMA_MIAV1_MDA2_MO40_MMFSC_MKFGSU256_NTA0_NTB0_NTC0_NTD0_NEPBS0_NLCA1_NLCB1_ONLL1_OPLV0_PK0_PAP0_PGR2_PLR5_PKA1_SIA3_SLW1_SS1_SU0_SUM0_SUS0_SCIUI1_SPO0_SRVW0_SSO0_SVW2_SNLL0_TSGRA0_TSGRB0_TT2_64_TLDS1_UMLDSA1_UMLDSB1_USFGROn1_VAW1_VSn1_VW2_VWB2_VFLRP0_WSGRA0_WSGRB0_WS64_WG16_4_4_WGM1",41216,5019810266,121792,1.255367663242524
"mscclKernel_Sum_hip_bfloat16_LL_false(ncclDevComm*, mscclAlgo*, mscclWork*)",10752,4082475949,379694,1.0209565742060926
"Cijk_Alik_Bljk_BBS_BH_MT128x128x64_MI32x32x8x1_SN_1LDSB1_APM1_ABV0_ACED0_AF0EM1_AF1EM1_AMAS0_ASE_ASGT_ASLT_ASM_ASAE01_ASCE01_ASEM1_AAC0_BL1_BS1_CLR0_DTLA0_DTLB0_DTVA0_DTVB0_DVO0_ETSP_EPS1_ELFLR0_EMLL0_FSSC10_FL0_GLVWA8_GLVWB8_GRCGA1_GRCGB1_GRPM1_GRVW8_GSU1_GSUASB_GLS0_ISA942_IU1_K1_KLA_LBSPPA128_LBSPPB128_LPA8_LPB8_LDL1_LRVW4_LWPMn1_LDW0_FMA_MIAV0_MDA2_MO40_MMFSC_MKFGSU256_NTA0_NTB0_NTC0_NTD0_NEPBS8_NLCA1_NLCB1_ONLL1_OPLV0_PK0_PAP0_PGR2_PLR1_PKA0_SIA3_SLW1_SS0_SU0_SUM0_SUS0_SCIUI1_SPO0_SRVW0_SSO0_SVW4_SNLL0_TSGRA0_TSGRB0_TT2_64_TLDS1_UMLDSA1_UMLDSB1_USFGROn1_VAW1_VSn1_VW1_VWB1_VFLRP0_WSGRA0_WSGRB0_WS64_WG64_4_1_WGM16",17472,3318868285,189953,0.8299915141753234
"void at::native::legacy::elementwise_kernel<128, 4, void at::native::gpu_kernel_impl<at::native::BinaryFunctor<float, float, float, at::native::binary_internal::MulFunctor<float>>>(at::TensorIteratorBase&, at::native::BinaryFunctor<float, float, float, at::native::binary_internal::MulFunctor<float>> const&)::'lambda2'(int)>(int, void at::native::gpu_kernel_impl<at::native::BinaryFunctor<float, float, float, at::native::binary_internal::MulFunctor<float>>>(at::TensorIteratorBase&, at::native::BinaryFunctor<float, float, float, at::native::binary_internal::MulFunctor<float>> const&)::'lambda2'(int))",32544,3310679754,101729,0.8279437043016147
"Cijk_Alik_Bljk_BBS_BH_MT256x224x64_MI16x16x16x1_SN_1LDSB1_APM1_ABV0_ACED0_AF0EM1_AF1EM1_AMAS3_ASE_ASGT_ASLT_ASM_ASAE01_ASCE01_ASEM128_AAC0_BL1_BS1_CLR0_DTLA0_DTLB0_DTVA0_DTVB0_DVO0_ETSP_EPS1_ELFLR0_EMLL0_FSSC10_FL0_GLVWA2_GLVWB4_GRCGA1_GRCGB1_GRPM1_GRVWn1_GSU1_GSUASB_GLS0_ISA942_IU1_K1_KLA_LBSPPA512_LBSPPB128_LPA4_LPB4_LDL1_LRVW4_LWPMn1_LDW0_FMA_MIAV0_MDA2_MO40_MMFSC_MKFGSU256_NTA0_NTB0_NTC1_NTD1_NEPBS0_NLCA1_NLCB1_ONLL1_OPLV0_PK0_PAP0_PGR2_PLR5_PKA0_SIA3_SLW1_SS1_SU8_SUM0_SUS256_SCIUI1_SPO0_SRVW0_SSO6_SVW4_SNLL0_TSGRA0_TSGRB0_TT8_112_TLDS1_UMLDSA1_UMLDSB1_USFGROn1_VAW1_VSn1_VW4_VWB1_VFLRP0_WSGRA0_WSGRB0_WS64_WG32_8_1_WGM32",2240,3150691816,1406558,0.7879334901239201
"void at::native::modern::elementwise_kernel<at::native::CUDAFunctor_add<c10::BFloat16>, at::detail::Array<char*, 3>>(int, at::native::CUDAFunctor_add<c10::BFloat16>, at::detail::Array<char*, 3>)",69888,3148222622,45046,0.7873159874420225
"Cijk_Alik_Bljk_BBS_BH_MT256x256x32_MI32x32x8x1_SN_1LDSB1_APM1_ABV0_ACED0_AF0EM1_AF1EM1_AMAS3_ASE_ASGT_ASLT_ASM_ASAE01_ASCE01_ASEM1_AAC0_BL1_BS1_CLR0_DTLA0_DTLB0_DTVA0_DTVB0_DVO0_ETSP_EPS1_ELFLR0_EMLL0_FSSC10_FL0_GLVWA8_GLVWB8_GRCGA1_GRCGB1_GRPM1_GRVW8_GSU1_GSUASB_GLS0_ISA942_IU1_K1_KLA_LBSPPA128_LBSPPB128_LPA8_LPB8_LDL1_LRVW8_LWPMn1_LDW0_FMA_MIAV0_MDA2_MO40_MMFSC_MKFGSU256_NTA0_NTB0_NTC0_NTD0_NEPBS0_NLCA1_NLCB1_ONLL1_OPLV0_PK0_PAP0_PGR2_PLR5_PKA0_SIA3_SLW1_SS1_SU32_SUM0_SUS64_SCIUI1_SPO0_SRVW0_SSO6_SVW2_SNLL0_TSGRA0_TSGRB0_TT4_128_TLDS1_UMLDSA1_UMLDSB1_USFGROn1_VAW1_VSn1_VW2_VWB1_VFLRP0_WSGRA0_WSGRB0_WS64_WG64_4_1_WGM6",4480,2979375178,665039,0.7450901641565427
"Cijk_Ailk_Bljk_BBS_BH_MT256x224x64_MI16x16x16x1_SN_1LDSB1_APM1_ABV0_ACED0_AF0EM8_AF1EM8_AMAS3_ASE_ASGT3256_ASLT_ASM_ASAE01_ASCE01_ASEM64_AAC0_BL1_BS1_CLR1_DTLA0_DTLB0_DTVA1_DTVB0_DVO0_ETSP_EPS1_ELFLRn20_EMLL0_FSSC10_FL0_GLVWA4_GLVWB2_GRCGA1_GRCGB1_GRPM0p26_GRVWn1_GSU1_GSUASB_GLS0_ISA942_IU1_K1_KLA_LBSPPA0_LBSPPB256_LPA0_LPB4_LDL1_LRVW4_LWPMn1_LDW0_FMA_MIAV0_MDA2_MO40_MMFSC_MKFGSU256_NTA0_NTB0_NTC3_NTD3_NEPBS0_NLCA1_NLCB1_ONLL1_OPLV0_PK0_PAP0_PGR1_PLR1_PKA0_SIA3_SLW1_SS1_SU0_SUM0_SUS0_SCIUI1_SPO1_SRVW0_SSO4_SVW4_SNLL0_TSGRA0_TSGRB0_TT4_224_TLDS1_UMLDSA0_UMLDSB1_USFGROn1_VAW1_VSn1_VW4_VWB2_VFLRP1_WSGRA0_WSGRB0_WS64_WG64_4_1_WGM32",2240,2554517076,1140409,0.6388405064095394
"void at::native::legacy::elementwise_kernel<128, 4, void at::native::gpu_kernel_impl<at::native::direct_copy_kernel_cuda(at::TensorIteratorBase&)::'lambda0'()::operator()(",204288,2307312972,11294,0.577019038677109
"Cijk_Alik_Bljk_BBS_BH_MT32x32x256_MI16x16x16x1_SN_1LDSB1_APM1_ABV0_ACED0_AF0EM8_AF1EM1_AMAS0_ASE_ASGT_ASLT1513_ASM_ASAE01_ASCE01_ASEM1_AAC0_BL1_BS1_CLR0_DTLA0_DTLB0_DTVA0_DTVB0_DVO0_ETB_EPS1_ELFLR0_EMLL0_FSSC10_FL0_GLVWA8_GLVWB8_GRCGA1_GRCGB1_GRPM1_GRVW8_GSU1_GSUASB_GLS0_ISA942_IU1_K1_KLA_LBSPPA512_LBSPPB1024_LPA16_LPB16_LDL1_LRVW8_LWPMn1_LDW0_FMA_MIAV1_MDA2_MO40_MMFSC_MKFGSU256_NTA0_NTB0_NTC0_NTD0_NEPBS0_NLCA1_NLCB1_ONLL1_OPLV0_PK0_PAP0_PGR2_PLR5_PKA1_SIA3_SLW1_SS1_SU0_SUM0_SUS0_SCIUI1_SPO0_SRVW0_SSO0_SVW1_SNLL0_TSGRA0_TSGRB0_TT2_32_TLDS1_UMLDSA1_UMLDSB1_USFGROn1_VAW1_VSn1_VW1_VWB2_VFLRP0_WSGRA0_WSGRB0_WS64_WG16_4_4_WGM1",28672,2052482012,71584,0.5132902262668415
"Cijk_Alik_Bljk_BBS_BH_MT64x128x64_MI16x16x16x1_SN_1LDSB1_APM1_ABV0_ACED0_AF0EM8_AF1EM1_AMAS3_ASE_ASGT_ASLT1513_ASM_ASAE01_ASCE01_ASEM1_AAC0_BL1_BS1_CLR0_DTLA0_DTLB0_DTVA0_DTVB0_DVO0_ETSP_EPS1_ELFLR0_EMLL0_FSSC10_FL0_GLVWA8_GLVWB8_GRCGA1_GRCGB1_GRPM1_GRVW8_GSU1_GSUASB_GLS0_ISA942_IU1_K1_KLA_LBSPPA256_LBSPPB256_LPA16_LPB16_LDL1_LRVW8_LWPMn1_LDW0_FMA_MIAV1_MDA2_MO40_MMFSC_MKFGSU256_NTA0_NTB0_NTC0_NTD0_NEPBS0_NLCA1_NLCB1_ONLL1_OPLV0_PK0_PAP0_PGR2_PLR5_PKA0_SIA3_SLW1_SS1_SU0_SUM0_SUS0_SCIUI1_SPO0_SRVW0_SSO0_SVW2_SNLL0_TSGRA0_TSGRB0_TT2_64_TLDS1_UMLDSA1_UMLDSB1_USFGROn1_VAW1_VSn1_VW2_VWB2_VFLRP0_WSGRA0_WSGRB0_WS64_WG32_8_1_WGM1",20608,2021816681,98108,0.5056213577478916
"Cijk_Alik_Bljk_BBS_BH_MT256x256x32_MI32x32x8x1_SN_1LDSB1_APM1_ABV0_ACED0_AF0EM1_AF1EM1_AMAS3_ASE_ASGT_ASLT_ASM_ASAE01_ASCE01_ASEM1_AAC0_BL1_BS1_CLR0_DTLA0_DTLB0_DTVA0_DTVB0_DVO0_ETSP_EPS1_ELFLR0_EMLL0_FSSC10_FL0_GLVWA8_GLVWB8_GRCGA1_GRCGB1_GRPM1_GRVW8_GSU1_GSUASB_GLS0_ISA942_IU1_K1_KLA_LBSPPA128_LBSPPB128_LPA8_LPB8_LDL1_LRVW8_LWPMn1_LDW0_FMA_MIAV0_MDA2_MO40_MMFSC_MKFGSU256_NTA0_NTB0_NTC3_NTD2_NEPBS0_NLCA1_NLCB1_ONLL1_OPLV0_PK0_PAP0_PGR2_PLR5_PKA0_SIA3_SLW1_SS1_SU32_SUM0_SUS64_SCIUI1_SPO0_SRVW0_SSO6_SVW2_SNLL0_TSGRA0_TSGRB0_TT2_256_TLDS1_UMLDSA1_UMLDSB1_USFGROn1_VAW1_VSn1_VW2_VWB2_VFLRP0_WSGRA0_WSGRB0_WS64_WG128_2_1_WGM4",2240,1742486258,777895,0.43576565368490155
"void at::native::modern::elementwise_kernel<void at::native::(anonymous namespace)::pow_tensor_scalar_kernel_impl<float, float>(at::TensorIteratorBase&, float)::'lambda'(float), at::detail::Array<char*, 2>>(int, void at::native::(anonymous namespace)::pow_tensor_scalar_kernel_impl<float, float>(at::TensorIteratorBase&, float)::'lambda'(float), float)",43392,1734391801,39970,0.4337413700903337
"Cijk_Alik_Bljk_BBS_BH_MT16x32x512_MI16x16x16x1_SN_1LDSB1_APM1_ABV0_ACED0_AF0EM8_AF1EM1_AMAS0_ASE_ASGT_ASLT165_ASM_ASAE01_ASCE01_ASEM1_AAC0_BL1_BS1_CLR0_DTLA0_DTLB0_DTVA0_DTVB0_DVO0_ETSP_EPS1_ELFLR0_EMLL0_FSSC10_FL0_GLVWA8_GLVWB8_GRCGA1_GRCGB1_GRPM1_GRVW8_GSU1_GSUASB_GLS0_ISA942_IU1_K1_KLA_LBSPPA1024_LBSPPB2048_LPA16_LPB16_LDL1_LRVW8_LWPMn1_LDW0_FMA_MIAV1_MDA2_MO40_MMFSC_MKFGSU256_NTA0_NTB0_NTC0_NTD0_NEPBS0_NLCA1_NLCB1_ONLL1_OPLV0_PK0_PAP0_PGR2_PLR9_PKA0_SIA3_SLW1_SS1_SU0_SUM0_SUS0_SCIUI1_SPO0_SRVW0_SSO0_SVW1_SNLL0_TSGRA0_TSGRB0_TT1_32_TLDS1_UMLDSA1_UMLDSB1_USFGROn1_VAW1_VSn1_VW1_VWB2_VFLRP0_WSGRA0_WSGRB0_WS64_WG16_4_4_WGM1",32256,1683638556,52196,0.4210488619672338
"Cijk_Alik_Bljk_BBS_BH_MT128x256x32_MI16x16x16x1_SN_1LDSB1_APM1_ABV0_ACED0_AF0EM1_AF1EM1_AMAS3_ASE_ASGT_ASLT_ASM_ASAE01_ASCE01_ASEM1_AAC0_BL1_BS1_CLR0_DTLA0_DTLB0_DTVA0_DTVB0_DVO0_ETSP_EPS1_ELFLR0_EMLL0_FSSC10_FL0_GLVWA4_GLVWB8_GRCGA1_GRCGB1_GRPM1_GRVWn1_GSU1_GSUASB_GLS0_ISA942_IU1_K1_KLA_LBSPPA128_LBSPPB128_LPA4_LPB8_LDL1_LRVW4_LWPMn1_LDW0_FMA_MIAV0_MDA2_MO40_MMFSC_MKFGSU256_NTA0_NTB0_NTC0_NTD0_NEPBS0_NLCA1_NLCB1_ONLL1_OPLV0_PK0_PAP0_PGR2_PLR3_PKA0_SIA3_SLW1_SS1_SU32_SUM0_SUS256_SCIUI1_SPO0_SRVW0_SSO0_SVW2_SNLL0_TSGRA0_TSGRB0_TT4_128_TLDS1_UMLDSA1_UMLDSB1_USFGROn1_VAW1_VSn1_VW2_VWB2_VFLRP0_WSGRA1_WSGRB1_WS64_WG32_8_1_WGM1",6272,1649802772,263042,0.4125871180280738
"Cijk_Alik_Bljk_BBS_BH_MT16x16x512_MI16x16x16x1_SN_1LDSB1_APM1_ABV0_ACED0_AF0EM8_AF1EM1_AMAS0_ASE_ASGT_ASLT133_ASM_ASAE01_ASCE01_ASEM1_AAC0_BL1_BS1_CLR0_DTLA0_DTLB0_DTVA0_DTVB0_DVO0_ETSP_EPS0_ELFLR0_EMLL0_FSSC10_FL0_GLVWA8_GLVWB8_GRCGA1_GRCGB1_GRPM1_GRVW8_GSU1_GSUASB_GLS1_ISA942_IU1_K1_KLA_LBSPPA1024_LBSPPB1024_LPA16_LPB16_LDL1_LRVW8_LWPMn1_LDW0_FMA_MIAV1_MDA2_MO40_MMFSC_MKFGSU256_NTA0_NTB0_NTC0_NTD0_NEPBS0_NLCA1_NLCB1_ONLL1_OPLV0_PK0_PAP0_PGR2_PLR9_PKA0_SIA3_SLW1_SS1_SU0_SUM0_SUS0_SCIUI1_SPO0_SRVW0_SSO0_SVW1_SNLL0_TSGRA0_TSGRB0_TT1_16_TLDS1_UMLDSA1_UMLDSB1_USFGROn1_VAW1_VSn1_VW1_VWB1_VFLRP0_WSGRA1_WSGRB1_WS64_WG16_4_4_WGM1",86016,1620309282,18837,0.40521130666067123
"void at::native::modern::elementwise_kernel<at::native::BinaryFunctor<c10::BFloat16, c10::BFloat16, c10::BFloat16, at::native::binary_internal::MulFunctor<float>>, at::detail::Array<char*, 3>>(int, at::native::BinaryFunctor<c10::BFloat16, c10::BFloat16, c10::BFloat16, at::native::binary_internal::MulFunctor<float>>, at::detail::Array<char*, 3>)",193632,1514270431,7820,0.3786928253757469
"void at::native::modern::elementwise_kernel<at::native::(anonymous namespace)::silu_kernel(at::TensorIteratorBase&)::'lambda'()::operator()(",139776,1514110078,10832,0.37865272386588156
"Cijk_Alik_Bljk_BBS_BH_MT256x128x64_MI16x16x16x1_SN_1LDSB1_APM1_ABV0_ACED0_AF0EM1_AF1EM1_AMAS3_ASE_ASGT_ASLT_ASM_ASAE01_ASCE01_ASEM1_AAC0_BL1_BS1_CLR0_DTLA0_DTLB0_DTVA0_DTVB0_DVO0_ETSP_EPS1_ELFLR0_EMLL0_FSSC10_FL0_GLVWA8_GLVWB8_GRCGA1_GRCGB1_GRPM1_GRVWn1_GSU1_GSUASB_GLS0_ISA942_IU1_K1_KLA_LBSPPA256_LBSPPB256_LPA16_LPB16_LDL1_LRVW8_LWPMn1_LDW0_FMA_MIAV0_MDA2_MO40_MMFSC_MKFGSU256_NTA0_NTB0_NTC0_NTD0_NEPBS0_NLCA1_NLCB1_ONLL1_OPLV0_PK0_PAP0_PGR2_PLR5_PKA0_SIA3_SLW1_SS1_SU32_SUM0_SUS256_SCIUI1_SPO0_SRVW0_SSO0_SVW2_SNLL0_TSGRA0_TSGRB0_TT8_64_TLDS1_UMLDSA1_UMLDSB1_USFGROn1_VAW1_VSn1_VW2_VWB2_VFLRP0_WSGRA1_WSGRB1_WS64_WG32_8_1_WGM1",248,1408055202,5677641,0.3521302350058224
"Cijk_Alik_Bljk_BBS_BH_MT160x160x64_MI16x16x16x1_SN_1LDSB1_APM1_ABV0_ACED0_AF0EM1_AF1EM1_AMAS0_ASE_ASGT_ASLT_ASM_ASAE01_ASCE01_ASEM1_AAC0_BL1_BS1_CLR0_DTLA0_DTLB0_DTVA0_DTVB0_DVO0_ETSP_EPS1_ELFLR4_EMLL0_FSSC10_FL0_GLVWA8_GLVWB8_GRCGA1_GRCGB1_GRPM1_GRVWn1_GSU1_GSUASB_GLS0_ISA942_IU1_K1_KLA_LBSPPA128_LBSPPB128_LPA16_LPB16_LDL1_LRVW8_LWPMn1_LDW0_FMA_MIAV0_MDA2_MO40_MMFSC_MKFGSU256_NTA0_NTB0_NTC3_NTD3_NEPBS0_NLCA1_NLCB1_ONLL1_OPLV0_PK0_PAP0_PGR2_PLR5_PKA0_SIA3_SLW1_SS1_SU0_SUM0_SUS0_SCIUI1_SPO1_SRVW0_SSO6_SVW1_SNLL0_TSGRA0_TSGRB0_TT5_80_TLDS1_UMLDSA1_UMLDSB1_USFGROn1_VAW1_VSn1_VW1_VWB1_VFLRP0_WSGRA0_WSGRB0_WS64_WG32_8_1_WGM32",2240,1402656980,626186,0.3507802331175629
"void at::native::legacy::elementwise_kernel<512, 1, void at::native::gpu_kernel_impl<at::native::(anonymous namespace)::masked_fill_kernel(at::TensorIterator&, c10::Scalar const&)::'lambda'()::operator()(",21504,1365430342,63496,0.341470495282855
"Cijk_Alik_Bljk_BBS_BH_MT128x128x64_MI16x16x16x1_SN_1LDSB1_APM1_ABV0_ACED0_AF0EM1_AF1EM1_AMAS3_ASE_ASGT_ASLT_ASM_ASAE01_ASCE01_ASEM1_AAC0_BL1_BS1_CLR0_DTLA0_DTLB0_DTVA0_DTVB0_DVO0_ETSP_EPS1_ELFLR0_EMLL0_FSSC10_FL0_GLVWA8_GLVWB8_GRCGA1_GRCGB1_GRPM1_GRVW8_GSU1_GSUASB_GLS0_ISA942_IU1_K1_KLA_LBSPPA128_LBSPPB128_LPA8_LPB8_LDL1_LRVW4_LWPMn1_LDW0_FMA_MIAV0_MDA2_MO40_MMFSC_MKFGSU256_NTA0_NTB0_NTC0_NTD0_NEPBS0_NLCA1_NLCB1_ONLL1_OPLV0_PK0_PAP0_PGR2_PLR5_PKA0_SIA3_SLW1_SS0_SU64_SUM0_SUS1024_SCIUI1_SPO0_SRVW0_SSO4_SVW4_SNLL0_TSGRA0_TSGRB0_TT4_64_TLDS1_UMLDSA1_UMLDSB1_USFGROn1_VAW1_VSn1_VW4_VWB1_VFLRP0_WSGRA0_WSGRB0_WS64_WG32_8_1_WGM16",6720,1256164190,186929,0.3141449218768616
"Cijk_Alik_Bljk_BBS_BH_MT128x256x32_MI16x16x16x1_SN_1LDSB1_APM1_ABV0_ACED0_AF0EM1_AF1EM1_AMAS3_ASE_ASGT_ASLT_ASM_ASAE01_ASCE01_ASEM1_AAC0_BL1_BS1_CLR0_DTLA0_DTLB0_DTVA0_DTVB0_DVO0_ETSP_EPS1_ELFLR0_EMLL0_FSSC10_FL0_GLVWA2_GLVWB8_GRCGA1_GRCGB1_GRPM1_GRVWn1_GSU1_GSUASB_GLS0_ISA942_IU1_K1_KLA_LBSPPA128_LBSPPB128_LPA4_LPB8_LDL1_LRVW4_LWPMn1_LDW0_FMA_MIAV0_MDA2_MO40_MMFSC_MKFGSU256_NTA0_NTB0_NTC0_NTD0_NEPBS0_NLCA1_NLCB1_ONLL1_OPLV0_PK0_PAP0_PGR2_PLR3_PKA0_SIA3_SLW1_SS1_SU32_SUM0_SUS256_SCIUI1_SPO0_SRVW0_SSO0_SVW2_SNLL0_TSGRA0_TSGRB0_TT8_64_TLDS1_UMLDSA1_UMLDSB1_USFGROn1_VAW1_VSn1_VW2_VWB2_VFLRP0_WSGRA1_WSGRB0_WS64_WG16_16_1_WGM48",2240,1157587167,516779,0.28949251462332526
"Cijk_Alik_Bljk_BBS_BH_MT96x128x128_MI16x16x16x1_SN_1LDSB1_APM1_ABV0_ACED0_AF0EM1_AF1EM1_AMAS0_ASE_ASGT_ASLT_ASM_ASAE01_ASCE01_ASEM1_AAC0_BL1_BS1_CLR0_DTLA0_DTLB0_DTVA0_DTVB0_DVO0_ETSP_EPS1_ELFLR0_EMLL0_FSSC10_FL0_GLVWA8_GLVWB8_GRCGA1_GRCGB1_GRPM1_GRVW8_GSU1_GSUASB_GLS1_ISA942_IU1_K1_KLA_LBSPPA256_LBSPPB256_LPA16_LPB16_LDL1_LRVW8_LWPMn1_LDW0_FMA_MIAV1_MDA2_MO40_MMFSC_MKFGSU256_NTA0_NTB0_NTC3_NTD3_NEPBS0_NLCA1_NLCB1_ONLL1_OPLV0_PK0_PAP0_PGR2_PLR9_PKA0_SIA3_SLW1_SS1_SU0_SUM0_SUS0_SCIUI1_SPO1_SRVW0_SSO4_SVW1_SNLL0_TSGRA0_TSGRB0_TT6_32_TLDS1_UMLDSA1_UMLDSB1_USFGROn1_VAW1_VSn1_VW1_VWB1_VFLRP0_WSGRA0_WSGRB0_WS64_WG16_16_1_WGM32",3136,1147974749,366063,0.28708861525595214
"void at::native::modern::elementwise_kernel<at::native::bitwise_not_kernel_cuda(at::TensorIteratorBase&)::'lambda'(bool), at::detail::Array<char*, 2>>(int, at::native::bitwise_not_kernel_cuda(at::TensorIteratorBase&)::'lambda'(bool), at::detail::Array<char*, 2>)",21504,1061889018,49380,0.26556006392883025
"void rocprim::detail::partition_kernel<(rocprim::detail::select_method)0, true, rocprim::detail::default_select_config<0u, long, rocprim::empty_type, 8u>, rocprim::counting_iterator<long, long>, rocprim::empty_type*, rocprim::transform_iterator<long const*, at::native::(anonymous namespace)::NonZeroOp<long>, bool>, rocprim::tuple<long*, rocprim::empty_type>, rocprim::tuple<rocprim::empty_type*, rocprim::empty_type*>, rocprim::empty_type, rocprim::detail::lookback_scan_state<unsigned int, false, true>, rocprim::empty_type>(rocprim::counting_iterator<long, long>, rocprim::empty_type*, rocprim::transform_iterator<long const*, at::native::(anonymous namespace)::NonZeroOp<long>, bool>, rocprim::tuple<long*, rocprim::empty_type>, rocprim::tuple<rocprim::empty_type*, rocprim::empty_type*>, unsigned long*, unsigned long*, unsigned long, unsigned long, rocprim::empty_type, rocprim::detail::lookback_scan_state<unsigned int, false, true>, unsigned int, rocprim::empty_type)",172032,1051124033,6110,0.2628679275037101
"Cijk_Alik_Bljk_BBS_BH_MT32x32x64_MI16x16x16x1_SN_1LDSB0_APM1_ABV0_ACED0_AF0EM1_AF1EM1_AMAS0_ASE_ASGT_ASLT_ASM_ASAE01_ASCE01_ASEM1_AAC0_BL1_BS1_CLR0_DTLA0_DTLB0_DTVA0_DTVB0_DVO0_ETSP_EPS1_ELFLR0_EMLL0_FSSC10_FL0_GLVWA2_GLVWB2_GRCGA1_GRCGB1_GRPM1_GRVWn1_GSU1_GSUASB_GLS0_ISA942_IU1_K1_KLA_LBSPPA128_LBSPPB128_LPA4_LPB4_LDL1_LRVW4_LWPMn1_LDW0_FMA_MIAV0_MDA2_MO40_MMFSC_MKFGSU256_NTA0_NTB0_NTC0_NTD0_NEPBS0_NLCA1_NLCB1_ONLL1_OPLV0_PK0_PAP0_PGR2_PLR1_PKA0_SIA3_SLW1_SS1_SU0_SUM0_SUS0_SCIUI1_SPO0_SRVW0_SSO0_SVW1_SNLL0_TSGRA0_TSGRB0_TT1_16_TLDS1_UMLDSA1_UMLDSB1_USFGROn1_VAW1_VSn1_VW1_VWB1_VFLRP0_WSGRA1_WSGRB0_WS64_WG32_8_1_WGM1",9408,1047789277,111372,0.26203396274700225
"Cijk_Ailk_Bljk_BBS_BH_MT128x128x32_MI32x32x8x1_SN_1LDSB0_APM1_ABV0_ACED0_AF0EM1_AF1EM1_AMAS3_ASE_ASGT_ASLT_ASM_ASAE01_ASCE01_ASEM1_AAC0_BL1_BS1_CLR0_DTLA0_DTLB0_DTVA0_DTVB0_DVO0_ETSP_EPS1_ELFLR0_EMLL0_FSSC10_FL0_GLVWA2_GLVWB2_GRCGA1_GRCGB1_GRPM1_GRVWn1_GSU1_GSUASB_GLS0_ISA942_IU1_K1_KLA_LBSPPA0_LBSPPB128_LPA0_LPB4_LDL1_LRVW4_LWPMn1_LDW0_FMA_MIAV0_MDA2_MO40_MMFSC_MKFGSU256_NTA0_NTB0_NTC0_NTD0_NEPBS16_NLCA1_NLCB1_ONLL1_OPLV0_PK0_PAP0_PGR2_PLR5_PKA0_SIA3_SLW1_SS0_SU0_SUM0_SUS0_SCIUI1_SPO0_SRVW0_SSO0_SVW4_SNLL0_TSGRA0_TSGRB0_TT2_64_TLDS1_UMLDSA0_UMLDSB1_USFGROn1_VAW1_VSn1_VW2_VWB1_VFLRP0_WSGRA0_WSGRB0_WS64_WG64_4_1_WGM32",3136,1012545754,322878,0.2532201676494837
"Cijk_Alik_Bljk_BBS_BH_MT64x32x256_MI16x16x16x1_SN_1LDSB1_APM1_ABV0_ACED0_AF0EM1_AF1EM1_AMAS0_ASE_ASGT_ASLT_ASM_ASAE01_ASCE01_ASEM1_AAC0_BL1_BS1_CLR0_DTLA0_DTLB0_DTVA0_DTVB0_DVO0_ETSP_EPS1_ELFLR0_EMLL0_FSSC10_FL0_GLVWA8_GLVWB8_GRCGA1_GRCGB1_GRPM1_GRVW8_GSU1_GSUASB_GLS0_ISA942_IU1_K1_KLA_LBSPPA512_LBSPPB512_LPA16_LPB16_LDL1_LRVW8_LWPMn1_LDW0_FMA_MIAV1_MDA2_MO40_MMFSC_MKFGSU256_NTA0_NTB0_NTC3_NTD3_NEPBS0_NLCA1_NLCB1_ONLL1_OPLV0_PK0_PAP0_PGR2_PLR17_PKA0_SIA3_SLW1_SS1_SU0_SUM0_SUS0_SCIUI1_SPO1_SRVW0_SSO0_SVW1_SNLL0_TSGRA0_TSGRB0_TT2_16_TLDS1_UMLDSA1_UMLDSB1_USFGROn1_VAW1_VSn1_VW1_VWB1_VFLRP0_WSGRA0_WSGRB0_WS64_WG32_8_1_WGM32",9408,994371898,105694,0.2486752008220809
"void at::native::reduce_kernel<512, 1, at::native::ReduceOp<float, at::native::MeanOps<float, float, float, float>, unsigned int, float, 4>>(at::native::ReduceOp<float, at::native::MeanOps<float, float, float, float>, unsigned int, float, 4>)",43392,954016317,21985,0.23858296849969607
"void at::native::sbtopk::gatherTopK<float, unsigned int, 2, false>(at::cuda::detail::TensorInfo<float, unsigned int>, unsigned int, unsigned int, bool, unsigned int, unsigned int, at::cuda::detail::TensorInfo<float, unsigned int>, unsigned int, at::cuda::detail::TensorInfo<long, unsigned int>, unsigned int, float*)",16128,920063336,57047,0.23009191561931458
"void at::native::modern::elementwise_kernel<at::native::logical_not_kernel_cuda(at::TensorIteratorBase&)::'lambda0'()::operator()(",21504,906451815,42152,0.22668790980923792
"Cijk_Alik_Bljk_BBS_BH_MT64x64x128_MI16x16x16x1_SN_1LDSB1_APM1_ABV0_ACED0_AF0EM1_AF1EM1_AMAS3_ASE_ASGT_ASLT_ASM_ASAE01_ASCE01_ASEM1_AAC0_BL1_BS1_CLR0_DTLA0_DTLB0_DTVA0_DTVB0_DVO0_ETSP_EPS1_ELFLR0_EMLL0_FSSC10_FL0_GLVWA8_GLVWB8_GRCGA1_GRCGB1_GRPM1_GRVW8_GSU1_GSUASB_GLS1_ISA942_IU1_K1_KLA_LBSPPA1024_LBSPPB256_LPA16_LPB16_LDL1_LRVW8_LWPMn1_LDW0_FMA_MIAV1_MDA2_MO40_MMFSC_MKFGSU256_NTA0_NTB0_NTC3_NTD3_NEPBS0_NLCA1_NLCB1_ONLL1_OPLV0_PK0_PAP0_PGR2_PLR5_PKA0_SIA3_SLW1_SS1_SU0_SUM0_SUS0_SCIUI1_SPO1_SRVW0_SSO0_SVW4_SNLL0_TSGRA0_TSGRB0_TT4_32_TLDS1_UMLDSA1_UMLDSB1_USFGROn1_VAW1_VSn1_VW4_VWB1_VFLRP0_WSGRA0_WSGRB0_WS64_WG16_8_2_WGM32",6720,899623072,133872,0.22498015937873714
"Cijk_Alik_Bljk_BBS_BH_MT64x64x64_MI16x16x16x1_SN_1LDSB1_APM1_ABV0_ACED0_AF0EM8_AF1EM1_AMAS3_ASE_ASGT_ASLT1513_ASM_ASAE01_ASCE01_ASEM1_AAC0_BL1_BS1_CLR0_DTLA0_DTLB0_DTVA0_DTVB0_DVO0_ETB_EPS1_ELFLR0_EMLL0_FSSC10_FL0_GLVWA8_GLVWB8_GRCGA1_GRCGB1_GRPM1_GRVW8_GSU1_GSUASB_GLS0_ISA942_IU1_K1_KLA_LBSPPA256_LBSPPB256_LPA16_LPB16_LDL1_LRVW8_LWPMn1_LDW0_FMA_MIAV1_MDA2_MO40_MMFSC_MKFGSU256_NTA0_NTB0_NTC0_NTD0_NEPBS0_NLCA1_NLCB1_ONLL1_OPLV0_PK0_PAP0_PGR2_PLR5_PKA1_SIA3_SLW1_SS1_SU0_SUM0_SUS0_SCIUI1_SPO0_SRVW0_SSO0_SVW2_SNLL0_TSGRA0_TSGRB0_TT2_32_TLDS1_UMLDSA1_UMLDSB1_USFGROn1_VAW1_VSn1_VW2_VWB2_VFLRP0_WSGRA0_WSGRB0_WS64_WG32_8_1_WGM1",14336,859544994,59957,0.21495732575355253
"Cijk_Alik_Bljk_BBS_BH_MT256x224x64_MI16x16x16x1_SN_1LDSB1_APM1_ABV0_ACED0_AF0EM8_AF1EM8_AMAS3_ASE_ASGT3128_ASLT_ASM_ASAE01_ASCE01_ASEM1_AAC0_BL1_BS1_CLR0_DTLA0_DTLB0_DTVA0_DTVB0_DVO0_ETSP_EPS1_ELFLR0_EMLL0_FSSC10_FL0_GLVWA2_GLVWB2_GRCGA1_GRCGB1_GRPM1_GRVW2_GSU1_GSUASB_GLS0_ISA942_IU1_K1_KLA_LBSPPA256_LBSPPB128_LPA4_LPB4_LDL1_LRVW4_LWPMn1_LDW0_FMA_MIAV0_MDA2_MO40_MMFSC_MKFGSU256_NTA0_NTB0_NTC0_NTD0_NEPBS16_NLCA1_NLCB1_ONLL1_OPLV0_PK0_PAP0_PGR2_PLR5_PKA0_SIA3_SLW1_SS1_SU8_SUM0_SUS128_SCIUI1_SPO0_SRVW0_SSO4_SVW2_SNLL0_TSGRA0_TSGRB0_TT8_112_TLDS1_UMLDSA1_UMLDSB1_USFGROn1_VAW1_VSn1_VW2_VWB1_VFLRP0_WSGRA1_WSGRB0_WS64_WG32_8_1_WGM16",40,790287276,19757181,0.19763716921376157
"void at::native::indexFuncSmallIndex<c10::BFloat16, long, unsigned int, 2, 2, -2, at::native::(anonymous namespace)::ReduceAdd>(at::cuda::detail::TensorInfo<c10::BFloat16, unsigned int>, at::cuda::detail::TensorInfo<c10::BFloat16, unsigned int>, at::cuda::detail::TensorInfo<long, unsigned int>, int, int, unsigned int, long, long, at::native::(anonymous namespace)::ReduceAdd const&, c10::BFloat16)",64512,736694836,11419,0.18423462756274508
"void rocprim::detail::transform_kernel<rocprim::detail::wrapped_transform_config<rocprim::default_config, unsigned long>, unsigned long, unsigned long*, int*, rocprim::identity<void>>(unsigned long*, unsigned long, int*, rocprim::identity<void>)",172032,664786334,3864,0.16625155582506712
"void rocprim::detail::block_reduce_kernel<false, rocprim::detail::wrapped_reduce_config<rocprim::default_config, int>, int, rocprim::transform_iterator<long const*, at::native::(anonymous namespace)::NonZeroOp<long>, bool>, int*, int, hipcub::detail::convert_binary_result_type_wrapper<int, rocprim::transform_iterator<long const*, at::native::(anonymous namespace)::NonZeroOp<long>, bool>, int*, hipcub::Sum>>(rocprim::transform_iterator<long const*, at::native::(anonymous namespace)::NonZeroOp<long>, bool>, unsigned long, int*, int, hipcub::detail::convert_binary_result_type_wrapper<int, rocprim::transform_iterator<long const*, at::native::(anonymous namespace)::NonZeroOp<long>, bool>, int*, hipcub::Sum>)",129024,652703870,5058,0.163229940705343
"void at::native::modern::elementwise_kernel<at::native::FillFunctor<c10::BFloat16>, at::detail::Array<char*, 1>>(int, at::native::FillFunctor<c10::BFloat16>, at::detail::Array<char*, 1>)",43008,637383529,14820,0.1593985885900022
"Cijk_Alik_Bljk_BBS_BH_MT64x16x64_MI16x16x16x1_SN_1LDSB1_APM1_ABV0_ACED0_AF0EM8_AF1EM1_AMAS0_ASE_ASGT_ASLT133_ASM_ASAE01_ASCE01_ASEM1_AAC0_BL1_BS1_CLR0_DTLA0_DTLB0_DTVA0_DTVB0_DVO0_ETSP_EPS1_ELFLR0_EMLL0_FSSC10_FL0_GLVWA8_GLVWB4_GRCGA1_GRCGB1_GRPM1_GRVWn1_GSU4_GSUAMB_GLS0_ISA942_IU1_K1_KLA_LBSPPA128_LBSPPB128_LPA16_LPB16_LDL1_LRVW8_LWPMn1_LDW0_FMA_MIAV1_MDA2_MO40_MMFSC_MKFGSU256_NTA0_NTB0_NTC0_NTD0_NEPBS0_NLCA1_NLCB1_ONLL1_OPLV0_PK0_PAP0_PGR2_PLR5_PKA0_SIA3_SLW1_SS0_SU0_SUM0_SUS0_SCIUI1_SPO0_SRVW0_SSO0_SVW4_SNLL0_TSGRA0_TSGRB0_TT1_16_TLDS1_UMLDSA1_UMLDSB1_USFGROn1_VAW1_VSn1_VW1_VWB1_VFLRP0_WSGRA0_WSGRB0_WS64_WG64_4_1_WGM1",32256,631127130,19566,0.1578339714876109
"Cijk_Alik_Bljk_BBS_BH_MT128x128x64_MI16x16x16x1_SN_1LDSB1_APM1_ABV0_ACED0_AF0EM1_AF1EM1_AMAS0_ASE_ASGT_ASLT_ASM_ASAE01_ASCE01_ASEM1_AAC0_BL1_BS1_CLR0_DTLA0_DTLB0_DTVA0_DTVB0_DVO0_ETSP_EPS1_ELFLR0_EMLL0_FSSC10_FL0_GLVWA8_GLVWB8_GRCGA1_GRCGB1_GRPM1_GRVW8_GSU1_GSUASB_GLS0_ISA942_IU1_K1_KLA_LBSPPA128_LBSPPB128_LPA8_LPB8_LDL1_LRVW4_LWPMn1_LDW0_FMA_MIAV0_MDA2_MO40_MMFSC_MKFGSU256_NTA0_NTB0_NTC0_NTD0_NEPBS0_NLCA1_NLCB1_ONLL1_OPLV0_PK0_PAP0_PGR2_PLR1_PKA0_SIA3_SLW1_SS0_SU8_SUM0_SUS512_SCIUI1_SPO0_SRVW0_SSO0_SVW4_SNLL0_TSGRA0_TSGRB0_TT4_64_TLDS1_UMLDSA1_UMLDSB1_USFGROn1_VAW1_VSn1_VW1_VWB1_VFLRP0_WSGRA0_WSGRB0_WS64_WG32_8_1_WGM16",4032,619777679,153714,0.1549956702319922
"Cijk_Ailk_Bljk_BBS_BH_MT64x64x64_MI16x16x16x1_SN_1LDSB0_APM1_ABV0_ACED0_AF0EM1_AF1EM1_AMAS0_ASE_ASGT_ASLT_ASM_ASAE01_ASCE01_ASEM1_AAC0_BL1_BS1_CLR1_DTLA0_DTLB0_DTVA0_DTVB0_DVO0_ETSP_EPS1_ELFLR0_EMLL0_FSSC10_FL0_GLVWA8_GLVWB8_GRCGA1_GRCGB1_GRPM1_GRVWn1_GSU1_GSUASB_GLS0_ISA942_IU1_K1_KLA_LBSPPA1024_LBSPPB128_LPA16_LPB16_LDL1_LRVW8_LWPMn1_LDW0_FMA_MIAV0_MDA2_MO40_MMFSC_MKFGSU256_NTA0_NTB0_NTC0_NTD0_NEPBS0_NLCA1_NLCB1_ONLL1_OPLV0_PK0_PAP0_PGR1_PLR5_PKA0_SIA3_SLW1_SS0_SU16_SUM0_SUS1024_SCIUI1_SPO0_SRVW0_SSO0_SVW4_SNLL0_TSGRA0_TSGRB0_TT1_64_TLDS1_UMLDSA0_UMLDSB1_USFGROn1_VAW1_VSn1_VW1_VWB1_VFLRP1_WSGRA0_WSGRB0_WS64_WG64_4_1_WGM32",4032,593104405,147099,0.1483251460731001
"void at::native::(anonymous namespace)::write_indices<int>(long*, at::native::(anonymous namespace)::TensorDims<int>, int, int)",139776,574371076,4109,0.14364026473191288
"void rocprim::detail::block_reduce_kernel<true, rocprim::detail::wrapped_reduce_config<rocprim::default_config, int>, int, int*, int*, int, hipcub::detail::convert_binary_result_type_wrapper<int, rocprim::transform_iterator<long const*, at::native::(anonymous namespace)::NonZeroOp<long>, bool>, int*, hipcub::Sum>>(int*, unsigned long, int*, int, hipcub::detail::convert_binary_result_type_wrapper<int, rocprim::transform_iterator<long const*, at::native::(anonymous namespace)::NonZeroOp<long>, bool>, int*, hipcub::Sum>)",129024,562360309,4358,0.140636579790937
"Cijk_Alik_Bljk_BBS_BH_MT32x32x64_MI16x16x16x1_SN_1LDSB1_APM1_ABV0_ACED0_AF0EM8_AF1EM1_AMAS0_ASE_ASGT_ASLT165_ASM_ASAE01_ASCE01_ASEM1_AAC0_BL1_BS1_CLR0_DTLA0_DTLB0_DTVA0_DTVB0_DVO0_ETSP_EPS1_ELFLR0_EMLL0_FSSC10_FL0_GLVWA8_GLVWB8_GRCGA1_GRCGB1_GRPM1_GRVW8_GSU1_GSUASB_GLS0_ISA942_IU1_K1_KLA_LBSPPA128_LBSPPB128_LPA16_LPB16_LDL1_LRVW8_LWPMn1_LDW0_FMA_MIAV1_MDA2_MO40_MMFSC_MKFGSU256_NTA0_NTB0_NTC0_NTD0_NEPBS0_NLCA1_NLCB1_ONLL1_OPLV0_PK0_PAP0_PGR2_PLR5_PKA0_SIA3_SLW1_SS1_SU0_SUM0_SUS0_SCIUI1_SPO0_SRVW0_SSO0_SVW1_SNLL0_TSGRA0_TSGRB0_TT1_16_TLDS1_UMLDSA1_UMLDSB1_USFGROn1_VAW1_VSn1_VW1_VWB1_VFLRP0_WSGRA0_WSGRB0_WS64_WG32_8_1_WGM1",12992,554543733,42683,0.13868178942482684
"void at::native::modern::elementwise_kernel<at::native::AUnaryFunctor<c10::BFloat16, c10::BFloat16, c10::BFloat16, at::native::binary_internal::MulFunctor<float>>, at::detail::Array<char*, 2>>(int, at::native::AUnaryFunctor<c10::BFloat16, c10::BFloat16, c10::BFloat16, at::native::binary_internal::MulFunctor<float>>, at::detail::Array<char*, 2>)",43008,489302336,11377,0.1223660452515255
"Cijk_Ailk_Bljk_BBS_BH_MT32x32x64_MI16x16x16x1_SN_1LDSB0_APM1_ABV0_ACED0_AF0EM1_AF1EM1_AMAS0_ASE_ASGT_ASLT_ASM_ASAE01_ASCE01_ASEM1_AAC0_BL1_BS1_CLR0_DTLA0_DTLB0_DTVA0_DTVB0_DVO0_ETSP_EPS1_ELFLR0_EMLL0_FSSC10_FL0_GLVWA2_GLVWB8_GRCGA1_GRCGB1_GRPM1_GRVWn1_GSU1_GSUASB_GLS1_ISA942_IU1_K1_KLA_LBSPPA256_LBSPPB128_LPA16_LPB8_LDL1_LRVW4_LWPMn1_LDW0_FMA_MIAV1_MDA2_MO40_MMFSC_MKFGSU256_NTA0_NTB0_NTC0_NTD0_NEPBS0_NLCA1_NLCB1_ONLL1_OPLV0_PK0_PAP0_PGR1_PLR5_PKA0_SIA3_SLW1_SS0_SU64_SUM0_SUS128_SCIUI1_SPO0_SRVW0_SSO0_SVW4_SNLL0_TSGRA0_TSGRB0_TT1_16_TLDS1_UMLDSA0_UMLDSB1_USFGROn1_VAW1_VSn1_VW1_VWB1_VFLRP1_WSGRA0_WSGRB0_WS64_WG32_8_1_WGM16",6720,457701839,68110,0.11446330790209111
"void rocprim::detail::init_lookback_scan_state_kernel<rocprim::detail::lookback_scan_state<unsigned int, false, true>>(rocprim::detail::lookback_scan_state<unsigned int, false, true>, unsigned int, unsigned int, rocprim::detail::lookback_scan_state<unsigned int, false, true>::value_type*)",172032,422756138,2457,0.10572399293198584
"void at::native::legacy::elementwise_kernel<128, 4, void at::native::gpu_kernel_impl<at::native::neg_kernel_cuda(at::TensorIteratorBase&)::'lambda0'()::operator()(",37632,310407664,8248,0.07762758414348613
"void (anonymous namespace)::softmax_warp_forward<c10::BFloat16, c10::BFloat16, float, 10, false, false>(c10::BFloat16*, c10::BFloat16 const*, int, int, int, bool const*, int, bool)",6720,289662437,43104,0.07243956193499382
"Cijk_Alik_Bljk_BBS_BH_MT16x16x512_MI16x16x16x1_SN_1LDSB1_APM1_ABV0_ACED0_AF0EM8_AF1EM1_AMAS0_ASE_ASGT_ASLT133_ASM_ASAE01_ASCE01_ASEM1_AAC0_BL1_BS1_CLR0_DTLA0_DTLB0_DTVA0_DTVB0_DVO0_ETB_EPS1_ELFLR0_EMLL0_FSSC10_FL0_GLVWA8_GLVWB8_GRCGA1_GRCGB1_GRPM1_GRVW8_GSU1_GSUASB_GLS0_ISA942_IU1_K1_KLA_LBSPPA1024_LBSPPB1024_LPA16_LPB16_LDL1_LRVW8_LWPMn1_LDW0_FMA_MIAV1_MDA2_MO40_MMFSC_MKFGSU256_NTA0_NTB0_NTC0_NTD0_NEPBS0_NLCA1_NLCB1_ONLL1_OPLV0_PK0_PAP0_PGR2_PLR9_PKA1_SIA3_SLW1_SS1_SU0_SUM0_SUS0_SCIUI1_SPO0_SRVW0_SSO0_SVW1_SNLL0_TSGRA0_TSGRB0_TT1_16_TLDS1_UMLDSA1_UMLDSB1_USFGROn1_VAW1_VSn1_VW1_VWB1_VFLRP0_WSGRA0_WSGRB0_WS64_WG16_4_4_WGM1",6272,242003529,38584,0.06052089393794119
"void at::native::modern::elementwise_kernel<at::native::CUDAFunctorOnSelf_add<float>, at::detail::Array<char*, 2>>(int, at::native::CUDAFunctorOnSelf_add<float>, at::detail::Array<char*, 2>)",43392,232774438,5364,0.05821285801853686
"void at::native::modern::elementwise_kernel<at::native::rsqrt_kernel_cuda(at::TensorIteratorBase&)::'lambda0'()::operator()(",43392,232356473,5354,0.058108332206292315
"void at::native::bitonicSortKVInPlace<2, -1, 16, 16, float, long, at::native::GTOp<float, true>, unsigned int>(at::cuda::detail::TensorInfo<float, unsigned int>, unsigned int, unsigned int, unsigned int, at::cuda::detail::TensorInfo<long, unsigned int>, unsigned int, at::native::GTOp<float, true>)",16128,189735990,11764,0.04744968709526658
"Cijk_Alik_Bljk_BBS_BH_MT32x32x128_MI32x32x8x1_SN_1LDSB1_APM1_ABV0_ACED0_AF0EM8_AF1EM1_AMAS0_ASE_ASGT_ASLT165_ASM_ASAE01_ASCE01_ASEM1_AAC0_BL1_BS1_CLR0_DTLA0_DTLB0_DTVA0_DTVB0_DVO0_ETSP_EPS1_ELFLR0_EMLL0_FSSC10_FL0_GLVWA8_GLVWB8_GRCGA1_GRCGB1_GRPM1_GRVW8_GSU1_GSUASB_GLS0_ISA942_IU1_K1_KLA_LBSPPA256_LBSPPB256_LPA8_LPB8_LDL1_LRVW8_LWPMn1_LDW0_FMA_MIAV1_MDA2_MO40_MMFSC_MKFGSU256_NTA0_NTB0_NTC0_NTD0_NEPBS0_NLCA1_NLCB1_ONLL1_OPLV0_PK0_PAP0_PGR2_PLR5_PKA0_SIA3_SLW1_SS1_SU0_SUM0_SUS0_SCIUI1_SPO0_SRVW0_SSO0_SVW1_SNLL0_TSGRA0_TSGRB0_TT1_32_TLDS1_UMLDSA1_UMLDSB1_USFGROn1_VAW1_VSn1_VW1_VWB1_VFLRP0_WSGRA0_WSGRB0_WS64_WG32_2_4_WGM1",6272,180671442,28806,0.04518280053220585
"Cijk_Ailk_Bljk_BBS_BH_MT128x64x64_MI32x32x8x1_SN_1LDSB0_APM1_ABV0_ACED0_AF0EM1_AF1EM1_AMAS3_ASE_ASGT_ASLT_ASM_ASAE01_ASCE01_ASEM1_AAC0_BL1_BS1_CLR1_DTLA0_DTLB0_DTVA0_DTVB0_DVO0_ETSP_EPS1_ELFLR0_EMLL0_FSSC10_FL0_GLVWA2_GLVWB2_GRCGA1_GRCGB1_GRPM1_GRVWn1_GSU1_GSUASB_GLS0_ISA942_IU1_K1_KLA_LBSPPA0_LBSPPB256_LPA0_LPB4_LDL1_LRVW4_LWPMn1_LDW0_FMA_MIAV0_MDA2_MO40_MMFSC_MKFGSU256_NTA0_NTB0_NTC0_NTD0_NEPBS0_NLCA1_NLCB1_ONLL1_OPLV0_PK0_PAP0_PGR2_PLR5_PKA0_SIA3_SLW1_SS0_SU8_SUM0_SUS256_SCIUI1_SPO0_SRVW0_SSO0_SVW4_SNLL0_TSGRA0_TSGRB0_TT2_64_TLDS1_UMLDSA0_UMLDSB1_USFGROn1_VAW1_VSn1_VW2_VWB2_VFLRP1_WSGRA0_WSGRB0_WS64_WG64_2_2_WGM32",1344,148379363,110401,0.037107110494666695
"void at::native::reduce_kernel<512, 1, at::native::ReduceOp<float, at::native::func_wrapper_t<float, at::native::sum_functor<float, float, float>::operator()(at::TensorIterator&)::'lambda'(float, float)>, unsigned int, float, 4>>(at::native::ReduceOp<float, at::native::func_wrapper_t<float, at::native::sum_functor<float, float, float>::operator()(at::TensorIterator&)::'lambda'(float, float)>, unsigned int, float, 4>)",21504,148116469,6887,0.03704136525550979
"void rocprim::detail::block_reduce_kernel<true, rocprim::detail::wrapped_reduce_config<rocprim::default_config, int>, int, rocprim::transform_iterator<long const*, at::native::(anonymous namespace)::NonZeroOp<long>, bool>, int*, int, hipcub::detail::convert_binary_result_type_wrapper<int, rocprim::transform_iterator<long const*, at::native::(anonymous namespace)::NonZeroOp<long>, bool>, int*, hipcub::Sum>>(rocprim::transform_iterator<long const*, at::native::(anonymous namespace)::NonZeroOp<long>, bool>, unsigned long, int*, int, hipcub::detail::convert_binary_result_type_wrapper<int, rocprim::transform_iterator<long const*, at::native::(anonymous namespace)::NonZeroOp<long>, bool>, int*, hipcub::Sum>)",43008,142617196,3316,0.035666092261169347
"Cijk_Alik_Bljk_BBS_BH_MT128x256x64_MI16x16x16x1_SN_1LDSB1_APM1_ABV0_ACED0_AF0EM1_AF1EM1_AMAS3_ASE_ASGT_ASLT_ASM_ASAE01_ASCE01_ASEM1_AAC0_BL1_BS1_CLR0_DTLA0_DTLB0_DTVA0_DTVB0_DVO0_ETSP_EPS1_ELFLR4_EMLL0_FSSC10_FL0_GLVWA8_GLVWB8_GRCGA1_GRCGB1_GRPM1_GRVWn1_GSU1_GSUASB_GLS0_ISA942_IU1_K1_KLA_LBSPPA512_LBSPPB128_LPA16_LPB16_LDL1_LRVW8_LWPMn1_LDW0_FMA_MIAV0_MDA2_MO40_MMFSC_MKFGSU256_NTA0_NTB0_NTC3_NTD3_NEPBS0_NLCA1_NLCB1_ONLL1_OPLV0_PK0_PAP0_PGR2_PLR5_PKA0_SIA3_SLW1_SS1_SU4_SUM0_SUS256_SCIUI1_SPO1_SRVW0_SSO6_SVW4_SNLL0_TSGRA0_TSGRB0_TT4_128_TLDS1_UMLDSA1_UMLDSB1_USFGROn1_VAW1_VSn1_VW4_VWB1_VFLRP0_WSGRA0_WSGRB0_WS64_WG32_8_1_WGMn32",1344,115951777,86273,0.028997532501820703
"void (anonymous namespace)::softmax_warp_forward<float, float, float, 3, false, false>(float*, float const*, int, int, int, bool const*, int, bool)",21504,115908604,5390,0.028986735681771094
"void at::native::modern::elementwise_kernel<at::native::FillFunctor<long>, at::detail::Array<char*, 1>>(int, at::native::FillFunctor<long>, at::detail::Array<char*, 1>)",21504,113278655,5267,0.028329030956766053
"void at::native::_scatter_gather_elementwise_kernel<256, 4, void at::native::_cuda_scatter_fill_internal_kernel<at::native::OpaqueType<8>>::operator()<at::native::TensorAssign>(at::TensorIterator&, at::native::OpaqueType<8>, long, long, long, at::native::TensorAssign const&)::'lambda'(int)>(int, void at::native::_cuda_scatter_fill_internal_kernel<at::native::OpaqueType<8>>::operator()<at::native::TensorAssign>(at::TensorIterator&, at::native::OpaqueType<8>, long, long, long, at::native::TensorAssign const&)::'lambda'(int))",21504,113067420,5257,0.028276204739380684
"void at::native::legacy::elementwise_kernel<128, 4, void at::native::gpu_kernel_impl<at::native::BinaryFunctor<float, float, float, at::native::binary_internal::DivFunctor<float>>>(at::TensorIteratorBase&, at::native::BinaryFunctor<float, float, float, at::native::binary_internal::DivFunctor<float>> const&)::'lambda2'(int)>(int, void at::native::gpu_kernel_impl<at::native::BinaryFunctor<float, float, float, at::native::binary_internal::DivFunctor<float>>>(at::TensorIteratorBase&, at::native::BinaryFunctor<float, float, float, at::native::binary_internal::DivFunctor<float>> const&)::'lambda2'(int))",16128,92834672,5756,0.023216344658658093
"void at::native::(anonymous namespace)::indexSelectLargeIndex<c10::BFloat16, long, unsigned int, 2, 2, -2, true>(at::cuda::detail::TensorInfo<c10::BFloat16, unsigned int>, at::cuda::detail::TensorInfo<c10::BFloat16, unsigned int>, at::cuda::detail::TensorInfo<long, unsigned int>, int, int, unsigned int, unsigned int, long)",288,83403279,289594,0.02085771651055352
"Cijk_B_PostGSU4",17472,81268673,4651,0.0203238884963129
"Cijk_B_PostGSU4_VW2",14784,77160168,5219,0.01929642250696982
"void at::native::(anonymous namespace)::indexSelectSmallIndex<c10::BFloat16, long, unsigned int, 2, 2, -2>(at::cuda::detail::TensorInfo<c10::BFloat16, unsigned int>, at::cuda::detail::TensorInfo<c10::BFloat16, unsigned int>, at::cuda::detail::TensorInfo<long, unsigned int>, int, int, unsigned int, long)",10848,76762988,7076,0.019197094663472667
"Cijk_Ailk_Bljk_BBS_BH_MT16x16x64_MI16x16x16x1_SN_1LDSB0_APM1_ABV0_ACED0_AF0EM1_AF1EM1_AMAS0_ASE_ASGT_ASLT_ASM_ASAE01_ASCE01_ASEM1_AAC0_BL1_BS1_CLR0_DTLA0_DTLB0_DTVA0_DTVB0_DVO0_ETSP_EPS1_ELFLR0_EMLL8_FSSC10_FL0_GLVWA4_GLVWB4_GRCGA1_GRCGB1_GRPM1_GRVW4_GSU1_GSUASB_GLS0_ISA942_IU1_K1_KLA_LBSPPA128_LBSPPB128_LPA16_LPB4_LDL1_LRVW4_LWPMn1_LDW0_FMA_MIAV0_MDA2_MO40_MMFSC_MKFGSU256_NTA0_NTB0_NTC0_NTD0_NEPBS0_NLCA1_NLCB1_ONLL1_OPLV0_PK0_PAP0_PGR2_PLR1_PKA0_SIA3_SLW1_SS0_SU8_SUM0_SUS128_SCIUI1_SPO0_SRVW0_SSO0_SVW4_SNLL0_TSGRA0_TSGRB0_TT1_16_TLDS1_UMLDSA0_UMLDSB1_USFGROn1_VAW1_VSn1_VW1_VWB1_VFLRP1_WSGRA0_WSGRB0_WS64_WG16_4_4_WGM32",4032,71471473,17726,0.017873778348998486
"void at::native::sbtopk::gatherTopK<float, unsigned int, 1, false>(at::cuda::detail::TensorInfo<float, unsigned int>, unsigned int, unsigned int, bool, unsigned int, unsigned int, at::cuda::detail::TensorInfo<float, unsigned int>, unsigned int, at::cuda::detail::TensorInfo<long, unsigned int>, unsigned int, float*)",5376,67379765,12533,0.016850512998628223
"void at::native::legacy::elementwise_kernel<128, 4, void at::native::gpu_kernel_impl<at::native::CUDAFunctor_add<float>>(at::TensorIteratorBase&, at::native::CUDAFunctor_add<float> const&)::'lambda1'(int)>(int, void at::native::gpu_kernel_impl<at::native::CUDAFunctor_add<float>>(at::TensorIteratorBase&, at::native::CUDAFunctor_add<float> const&)::'lambda1'(int))",288,63510804,220523,0.015882952817590404
"void at::native::legacy::elementwise_kernel<128, 4, void at::native::gpu_kernel_impl<at::native::BinaryFunctor<float, float, float, at::native::binary_internal::MulFunctor<float>>>(at::TensorIteratorBase&, at::native::BinaryFunctor<float, float, float, at::native::binary_internal::MulFunctor<float>> const&)::'lambda1'(int)>(int, void at::native::gpu_kernel_impl<at::native::BinaryFunctor<float, float, float, at::native::binary_internal::MulFunctor<float>>>(at::TensorIteratorBase&, at::native::BinaryFunctor<float, float, float, at::native::binary_internal::MulFunctor<float>> const&)::'lambda1'(int))",288,61268165,212736,0.015322107619915247
"void at::native::triu_tril_kernel<float, int, false>(at::cuda::detail::TensorInfo<float, int>, at::cuda::detail::TensorInfo<float, int>, long, long)",288,59308945,205933,0.014832140608644543
"void at::native::legacy::elementwise_kernel<512, 1, void at::native::gpu_kernel_impl<at::native::BinaryFunctor<float, float, float, at::native::binary_internal::MulFunctor<float>>>(at::TensorIteratorBase&, at::native::BinaryFunctor<float, float, float, at::native::binary_internal::MulFunctor<float>> const&)::'lambda0'(int)>(int, void at::native::gpu_kernel_impl<at::native::BinaryFunctor<float, float, float, at::native::binary_internal::MulFunctor<float>>>(at::TensorIteratorBase&, at::native::BinaryFunctor<float, float, float, at::native::binary_internal::MulFunctor<float>> const&)::'lambda0'(int))",10848,51381158,4736,0.012849538296305581
"Cijk_Alik_Bljk_BBS_BH_MT32x16x128_MI16x16x16x1_SN_1LDSB1_APM1_ABV0_ACED0_AF0EM8_AF1EM1_AMAS0_ASE_ASGT_ASLT133_ASM_ASAE01_ASCE01_ASEM1_AAC0_BL1_BS1_CLR0_DTLA0_DTLB0_DTVA0_DTVB0_DVO0_ETSP_EPS1_ELFLR0_EMLL0_FSSC10_FL0_GLVWA8_GLVWB8_GRCGA1_GRCGB1_GRPM1_GRVWn1_GSU1_GSUASB_GLS0_ISA942_IU1_K1_KLA_LBSPPA256_LBSPPB256_LPA16_LPB16_LDL1_LRVW8_LWPMn1_LDW0_FMA_MIAV1_MDA2_MO40_MMFSC_MKFGSU256_NTA0_NTB0_NTC0_NTD0_NEPBS0_NLCA1_NLCB1_ONLL1_OPLV0_PK0_PAP0_PGR2_PLR5_PKA0_SIA3_SLW1_SS1_SU0_SUM0_SUS0_SCIUI1_SPO0_SRVW0_SSO0_SVW1_SNLL0_TSGRA0_TSGRB0_TT1_16_TLDS1_UMLDSA1_UMLDSB1_USFGROn1_VAW1_VSn1_VW1_VWB1_VFLRP0_WSGRA0_WSGRB0_WS64_WG32_4_2_WGM1",5376,41669218,7750,0.010420750199287176
"Cijk_Alik_Bljk_BBS_BH_MT64x64x64_MI16x16x16x1_SN_1LDSB0_APM1_ABV0_ACED0_AF0EM1_AF1EM1_AMAS3_ASE_ASGT_ASLT_ASM_ASAE01_ASCE01_ASEM1_AAC0_BL1_BS1_CLR0_DTLA0_DTLB0_DTVA0_DTVB0_DVO0_ETSP_EPS1_ELFLR4_EMLL0_FSSC10_FL0_GLVWA2_GLVWB4_GRCGA1_GRCGB1_GRPM1_GRVWn1_GSU1_GSUASB_GLS0_ISA942_IU1_K1_KLA_LBSPPA256_LBSPPB128_LPA4_LPB4_LDL1_LRVW4_LWPMn1_LDW0_FMA_MIAV0_MDA2_MO40_MMFSC_MKFGSU256_NTA0_NTB0_NTC0_NTD0_NEPBS0_NLCA1_NLCB1_ONLL1_OPLV0_PK0_PAP0_PGR2_PLR1_PKA0_SIA3_SLW1_SS1_SU64_SUM0_SUS128_SCIUI1_SPO0_SRVW0_SSO0_SVW2_SNLL0_TSGRA0_TSGRB0_TT2_32_TLDS1_UMLDSA1_UMLDSB1_USFGROn1_VAW1_VSn1_VW2_VWB1_VFLRP0_WSGRA1_WSGRB0_WS64_WG32_8_1_WGMn48",1344,29677705,22081,0.007421880350457645
"void at::native::bitonicSortKVInPlace<-2, -1, 16, 16, float, long, at::native::GTOp<float, true>, unsigned int>(at::cuda::detail::TensorInfo<float, unsigned int>, unsigned int, unsigned int, unsigned int, at::cuda::detail::TensorInfo<long, unsigned int>, unsigned int, at::native::GTOp<float, true>)",5376,29526961,5492,0.007384181885177079
"void at::native::legacy::elementwise_kernel<512, 1, void at::native::gpu_kernel_impl<at::native::BinaryFunctor<c10::BFloat16, c10::BFloat16, c10::BFloat16, at::native::binary_internal::MulFunctor<float>>>(at::TensorIteratorBase&, at::native::BinaryFunctor<c10::BFloat16, c10::BFloat16, c10::BFloat16, at::native::binary_internal::MulFunctor<float>> const&)::'lambda0'(int)>(int, void at::native::gpu_kernel_impl<at::native::BinaryFunctor<c10::BFloat16, c10::BFloat16, c10::BFloat16, at::native::binary_internal::MulFunctor<float>>>(at::TensorIteratorBase&, at::native::BinaryFunctor<c10::BFloat16, c10::BFloat16, c10::BFloat16, at::native::binary_internal::MulFunctor<float>> const&)::'lambda0'(int))",10752,26938996,2505,0.00673697663190119
"void at::native::legacy::elementwise_kernel<512, 1, void at::native::gpu_kernel_impl<at::native::BinaryFunctor<float, float, float, at::native::binary_internal::DivFunctor<float>>>(at::TensorIteratorBase&, at::native::BinaryFunctor<float, float, float, at::native::binary_internal::DivFunctor<float>> const&)::'lambda0'(int)>(int, void at::native::gpu_kernel_impl<at::native::BinaryFunctor<float, float, float, at::native::binary_internal::DivFunctor<float>>>(at::TensorIteratorBase&, at::native::BinaryFunctor<float, float, float, at::native::binary_internal::DivFunctor<float>> const&)::'lambda0'(int))",5376,21329314,3967,0.00533409225765069
"void at::native::modern::elementwise_kernel<at::native::neg_kernel_cuda(at::TensorIteratorBase&)::'lambda0'()::operator()(",5376,18535776,3447,0.004635476755189946
"Cijk_Alik_Bljk_BBS_BH_MT64x16x128_MI16x16x16x1_SN_1LDSB1_APM1_ABV0_ACED0_AF0EM8_AF1EM1_AMAS0_ASE_ASGT_ASLT117_ASM_ASAE01_ASCE01_ASEM1_AAC0_BL1_BS1_CLR0_DTLA0_DTLB0_DTVA0_DTVB0_DVO0_ETB_EPS1_ELFLR4_EMLL0_FSSC10_FL0_GLVWA8_GLVWB4_GRCGA1_GRCGB1_GRPM1_GRVWn1_GSU1_GSUASB_GLS0_ISA942_IU1_K1_KLA_LBSPPA256_LBSPPB256_LPA16_LPB16_LDL1_LRVW8_LWPMn1_LDW0_FMA_MIAV1_MDA2_MO40_MMFSC_MKFGSU256_NTA4_NTB0_NTC0_NTD0_NEPBS0_NLCA1_NLCB1_ONLL1_OPLV0_PK0_PAP0_PGR2_PLR9_PKA1_SIA3_SLW1_SS0_SU0_SUM0_SUS0_SCIUI1_SPO0_SRVW0_SSO0_SVW4_SNLL0_TSGRA0_TSGRB0_TT1_16_TLDS1_UMLDSA1_UMLDSB1_USFGROn1_VAW1_VSn1_VW1_VWB1_VFLRP0_WSGRA0_WSGRB0_WS64_WG64_4_1_WGM1",96,17834248,185773,0.004460036744633339
"void at::native::modern::elementwise_kernel<void at::native::compare_scalar_kernel<float>(at::TensorIteratorBase&, at::native::(anonymous namespace)::OpType, float)::'lambda'(float), at::detail::Array<char*, 2>>(int, float, at::detail::Array<char*, 2>)",288,15640050,54305,0.0039113058026277675
"void at::native::modern::elementwise_kernel<at::native::FillFunctor<float>, at::detail::Array<char*, 1>>(int, at::native::FillFunctor<float>, at::detail::Array<char*, 1>)",288,7668234,26625,0.001917692599455087
"void at::native::modern::elementwise_kernel<at::native::CUDAFunctorOnSelf_add<long>, at::detail::Array<char*, 2>>(int, at::native::CUDAFunctorOnSelf_add<long>, at::detail::Array<char*, 2>)",288,1307950,4541,0.00032709565663453685
"void at::native::legacy::elementwise_kernel<512, 1, void at::native::gpu_kernel_impl<void at::native::compare_scalar_kernel<float>(at::TensorIteratorBase&, at::native::(anonymous namespace)::OpType, float)::'lambda'(float)>(at::TensorIteratorBase&, float const&)::'lambda'(int)>(int, void at::native::gpu_kernel_impl<void at::native::compare_scalar_kernel<float>(at::TensorIteratorBase&, at::native::(anonymous namespace)::OpType, float)::'lambda'(float)>(at::TensorIteratorBase&, float const&)::'lambda'(int))",96,498514,5192,0.00012466972297986125
"void at::native::modern::elementwise_kernel<at::native::CUDAFunctorOnSelf_add<int>, at::detail::Array<char*, 2>>(int, at::native::CUDAFunctorOnSelf_add<int>, at::detail::Array<char*, 2>)",1,4086,4086,1.0218378783659295e-06
